Handle,Image Src
cris-tim-fortzoso-carnaciori-sasesc-100gr-18764,https://images.openfoodfacts.org/images/products/594/126/503/4841/front_en.3.400.jpg
cris-tim-fortzoso-salami-sticks-sasesc-100gr-18763,https://images.openfoodfacts.org/images/products/594/126/503/4858/front_en.16.400.jpg
hochland-branza-topita-felii-emmentaler-140gr-18659,https://images.openfoodfacts.org/images/products/594/123/800/8022/front_fr.3.400.jpg
hochland-branza-topita-triunghiuri-cedar-140gr-18658,https://images.openfoodfacts.org/images/products/594/123/801/6089/front_en.5.400.jpg
president-cottage-cheese-original-6pcsx180gr-18654,https://images.openfoodfacts.org/images/products/594/119/211/2063/front_en.60.400.jpg
president-cottage-cheese-2-2-6pcsx180gr-18653,https://images.openfoodfacts.org/images/products/594/119/211/2285/front_en.10.400.jpg
danone-activia-mic-dejun-granola-capsuni-si-zmeura-12pcsx165-18367,https://images.openfoodfacts.org/images/products/594/120/902/5553/front_ca.4.400.jpg
danone-activia-mic-dejun-cereale-miere-si-granola-12pcsx165g-18366,https://images.openfoodfacts.org/images/products/594/120/902/5591/front_en.3.400.jpg
hochland-almette-iaurt-8pcsx150gr-17762,https://images.openfoodfacts.org/images/products/400/267/112/0632/front_ro.18.400.jpg
danone-smantana-casa-buna-20-6pcsx850gr-17125,https://images.openfoodfacts.org/images/products/594/120/902/0718/front_ro.3.400.jpg
hochland-branza-topita-felii-sunca-280gr-17112,https://images.openfoodfacts.org/images/products/594/123/801/0650/front_en.3.400.jpg
hochland-branza-topita-felii-smantana-280gr-17108,https://images.openfoodfacts.org/images/products/594/123/801/0643/front_en.16.400.jpg
cris-tim-cremwursti-porc-extra-300gr-16636,https://images.openfoodfacts.org/images/products/594/126/503/1239/front_en.7.400.jpg
fox-cremwursti-pasare-280gr-16120,https://images.openfoodfacts.org/images/products/594/159/700/1597/front_ro.39.400.jpg
hochland-branza-topita-baton-sunca-10pcsx100gr-15254,https://images.openfoodfacts.org/images/products/594/123/800/7438/front_ro.8.400.jpg
bonito-salata-cu-icre-crap-si-ceapa-8pcsx150gr-14670,https://images.openfoodfacts.org/images/products/594/188/090/4352/front_ro.23.400.jpg
rama-clasic-59-grasime-400gr-12630,https://images.openfoodfacts.org/images/products/871/920/025/5647/front_en.17.400.jpg
josi-unt-200gr-12259,https://images.openfoodfacts.org/images/products/642/581/800/0044/front_ro.39.400.jpg
tudia-kefir-12pcsx500gr-12235,https://images.openfoodfacts.org/images/products/642/445/300/0433/front_es.3.400.jpg
deroni-orez-bob-mare-10pcsx1kg-11994,https://images.openfoodfacts.org/images/products/594/882/500/1046/front_en.4.400.jpg
fox-salam-sandwich-730gr-11715,https://images.openfoodfacts.org/images/products/594/159/700/1177/front_en.49.400.jpg
gordon-crema-unt-smantana-125gr-11697,https://images.openfoodfacts.org/images/products/594/154/200/0538/front_en.22.400.jpg
negro-salata-icre-gastronatura-hering-ceapa-140gr-11405,https://images.openfoodfacts.org/images/products/594/133/000/8890/front_es.10.400.jpg
negro-salata-icre-crap-ceapa-150gr-11396,https://images.openfoodfacts.org/images/products/594/133/000/2294/front_fr.4.400.jpg
cris-tim-salam-porc-500gr-11251,https://images.openfoodfacts.org/images/products/594/126/501/1439/front_fr.12.400.jpg
cris-tim-salam-sasesc-650gr-11227,https://images.openfoodfacts.org/images/products/594/126/500/0396/front_ro.15.400.jpg
danone-smantana-casa-buna-12pcsx370gr-11172,https://images.openfoodfacts.org/images/products/594/120/900/9508/front_en.10.400.jpg
cris-tim-salam-rustic-gastro-approx-2-2kg-10185,https://images.openfoodfacts.org/images/products/000/000/424/0013/front_en.5.400.jpg
cris-tim-parizer-taranesc-pui-approx-3-5kg-10157,https://images.openfoodfacts.org/images/products/000/000/343/0002/front_en.10.400.jpg
jacobs-250g-12444,https://images.openfoodfacts.org/images/products/871/100/051/7550/front_ro.4.400.jpg
doncafe-elita-instant-200g-17383,https://images.openfoodfacts.org/images/products/594/162/300/2543/front_ro.4.400.jpg
roshen-praline-cherry-queen-122g-15306,https://images.openfoodfacts.org/images/products/599/871/018/4965/front_hu.4.400.jpg
raffaello-150g-18006,https://images.openfoodfacts.org/images/products/800/050/002/3976/front_en.295.400.jpg
orbit-refreshers-spearmint-17-9g-17506,https://images.openfoodfacts.org/images/products/400/990/054/9257/front_ro.3.400.jpg
magura-prajitura-macaron-banofee-35g-18896,https://images.openfoodfacts.org/images/products/594/104/784/2909/front_en.3.400.jpg
laleli-vata-de-zahar-15g-12865,https://images.openfoodfacts.org/images/products/642/299/500/0096/front_en.3.400.jpg
la-neamu-cornulete-gem-capsuni-350g-16720,https://images.openfoodfacts.org/images/products/642/351/300/2271/front_it.3.400.jpg
grania-faina-cozonac-1kg-11042,https://images.openfoodfacts.org/images/products/594/111/300/4439/front_en.18.400.jpg
dobrogea-faina-000-cozonac-1kg-13861,https://images.openfoodfacts.org/images/products/594/100/686/1712/front_en.5.400.jpg
boromir-faina-cozonac-1kg-11327,https://images.openfoodfacts.org/images/products/594/130/000/1951/front_fr.8.400.jpg
accasa-saleuri-cu-susan-220g-14804,https://images.openfoodfacts.org/images/products/594/185/016/6476/front_ro.3.400.jpg
boromir-tort-dobos-600g-18798,https://images.openfoodfacts.org/images/products/594/130/000/8318/front_en.3.400.jpg
giusto-pere-ns-2l-11925,https://images.openfoodfacts.org/images/products/594/221/911/2684/front_ro.5.400.jpg
borsec-apa-plata-2l-11917,https://images.openfoodfacts.org/images/products/594/221/911/1113/front_ro.29.400.jpg
aqua-carpatica-plata-0-5l-11946,https://images.openfoodfacts.org/images/products/594/232/640/0018/front_en.28.400.jpg
frutti-fresh-portocale-2l-11891,https://images.openfoodfacts.org/images/products/594/220/701/2651/front_en.15.400.jpg
coca-cola-0-5l-10766,https://images.openfoodfacts.org/images/products/000/005/449/1472/front_en.733.400.jpg
tadim-seminte-sare-155g-18294,https://images.openfoodfacts.org/images/products/869/078/725/1171/front_en.3.400.jpg
lotto-pizza-35g-10163,https://images.openfoodfacts.org/images/products/380/002/431/0065/front_en.3.400.jpg
happy-nuci-rom-500g-12204,https://images.openfoodfacts.org/images/products/642/365/400/1133/front_fr.3.400.jpg
best-seminte-negre-cu-sare-1kg-1kg-12703,https://images.openfoodfacts.org/images/products/380/002/434/0628/front_it.3.400.jpg
sultan-salam-biscuiti-700g-16765,https://images.openfoodfacts.org/images/products/594/126/100/1489/front_ro.3.400.jpg
viva-corn-flakes-250g-15451,https://images.openfoodfacts.org/images/products/594/131/101/6449/front_ro.3.400.jpg
regal-ketchup-dulce-450g-11361,https://images.openfoodfacts.org/images/products/594/131/100/1155/front_en.6.400.jpg
raureni-sirop-capsuni-500ml-10892,https://images.openfoodfacts.org/images/products/594/102/800/3756/front_ro.3.400.jpg
olympia-otet-1l-11621,https://images.openfoodfacts.org/images/products/594/146/600/3578/front_ro.7.400.jpg
olympia-mustar-boabe-300g-11650,https://images.openfoodfacts.org/images/products/594/146/601/7650/front_en.5.400.jpg
olympia-bors-st-750ml-11643,https://images.openfoodfacts.org/images/products/594/146/601/4765/front_fr.4.400.jpg
la-minut-mustar-masa-300g-11672,https://images.openfoodfacts.org/images/products/594/148/600/4142/front_en.29.400.jpg
la-minut-mustar-barosanul-dulce-425g-15877,https://images.openfoodfacts.org/images/products/594/148/600/8744/front_fr.4.400.jpg
enache-malai-negru-1kg-12085,https://images.openfoodfacts.org/images/products/642/022/300/0030/front_en.23.400.jpg
deroni-sos-cu-usturoi-305g-18635,https://images.openfoodfacts.org/images/products/380/074/006/4211/front_bg.19.400.jpg
cegusto-bors-1l-11823,https://images.openfoodfacts.org/images/products/594/186/300/3690/front_it.13.400.jpg
camara-lui-enache-bors-1l-17013,https://images.openfoodfacts.org/images/products/642/459/200/3715/front_en.3.400.jpg
bunica-ulei-1l-11742,https://images.openfoodfacts.org/images/products/594/170/500/0016/front_en.6.400.jpg
bunica-ulei-1-8l-11743,https://images.openfoodfacts.org/images/products/594/170/500/0818/front_ro.3.400.jpg
bunica-mustar-fin-300g-11674,https://images.openfoodfacts.org/images/products/594/148/601/1638/front_en.25.400.jpg
bunica-mustar-dulce-300g-14678,https://images.openfoodfacts.org/images/products/594/148/601/1645/front_fr.26.400.jpg
boromir-malai-extra-1kg-11324,https://images.openfoodfacts.org/images/products/594/130/000/0800/front_fr.8.400.jpg
boromir-foi-cremsnit-380g-11329,https://images.openfoodfacts.org/images/products/594/130/000/1234/front_en.5.400.jpg
boromir-faina-2kg-11337,https://images.openfoodfacts.org/images/products/594/130/000/4013/front_ro.3.400.jpg
boromir-faina-1kg-11325,https://images.openfoodfacts.org/images/products/594/130/000/1104/front_fr.35.400.jpg
dobrogea-faina-1kg-10851,https://images.openfoodfacts.org/images/products/594/100/686/1668/front_ro.44.400.jpg
linco-patisero-placinta-cu-dovleac-800g-16051,https://images.openfoodfacts.org/images/products/594/148/600/5989/front_en.3.400.jpg
linco-aluat-foietaj-800g-11047,https://images.openfoodfacts.org/images/products/594/111/900/0817/front_es.3.400.jpg
viva-salty-mix-jackpot-sarat-300g-15222,https://images.openfoodfacts.org/images/products/594/131/101/4063/front_de.3.400.jpg
tuc-bake-rolls-pizza-80g-18870,https://images.openfoodfacts.org/images/products/762/220/231/7910/front_ro.15.400.jpg
pringles-cheese-onion-165g-pmp-2-99-16836,https://images.openfoodfacts.org/images/products/505/399/017/3945/front_en.3.400.jpg
lay-s-paprika-125g-10838,https://images.openfoodfacts.org/images/products/594/100/002/5622/front_en.116.400.jpg
laleli-pufuleti-20g-15995,https://images.openfoodfacts.org/images/products/642/299/500/0072/front_en.3.400.jpg
gusto-pufuleti-bublegum-80g-16227,https://images.openfoodfacts.org/images/products/594/186/820/6737/front_ro.3.400.jpg
croco-snacks-cartofi-pui-50g-16589,https://images.openfoodfacts.org/images/products/594/119/400/5189/front_en.5.400.jpg
croco-covrigi-clasici-200g-14435,https://images.openfoodfacts.org/images/products/594/119/400/4540/front_ro.5.400.jpg
chio-hula-hoops-sare-de-mare-aromata-70g-18588,https://images.openfoodfacts.org/images/products/594/144/567/8018/front_ro.3.400.jpg
boromir-covrigi-buzau-tarate-250g-11687,https://images.openfoodfacts.org/images/products/594/148/700/3243/front_en.8.400.jpg
chio-chips-paprika-125g-18179,https://images.openfoodfacts.org/images/products/594/144/567/7608/front_en.15.400.jpg
raureni-zacusca-ciuperci-300g-10911,https://images.openfoodfacts.org/images/products/594/102/800/6016/front_ro.3.400.jpg
raureni-spanac-in-saramura-720g-10930,https://images.openfoodfacts.org/images/products/594/102/801/3984/front_ro.4.400.jpg
raureni-gem-piersici-370g-10888,https://images.openfoodfacts.org/images/products/594/102/800/3183/front_fr.3.400.jpg
raureni-dulceata-trandafiri-270g-14036,https://images.openfoodfacts.org/images/products/594/102/801/0419/front_fr.3.400.jpg
raureni-dulceata-afine-270g-10903,https://images.openfoodfacts.org/images/products/594/102/801/4028/front_ro.13.400.jpg
raureni-ardei-capia-copti-720g-10924,https://images.openfoodfacts.org/images/products/594/102/800/9314/front_fr.13.400.jpg
olympia-zacusca-traditionala-munteneasca-580ml-10473,https://images.openfoodfacts.org/images/products/594/146/601/7292/front_fr.3.400.jpg
olympia-gogosari-sferturi-murati-otet-720ml-11610,https://images.openfoodfacts.org/images/products/594/146/600/1352/front_it.3.400.jpg
mandy-pate-vegetal-original-120g-11418,https://images.openfoodfacts.org/images/products/594/133/400/2122/front_ro.30.400.jpg
mandy-pate-vegetal-cu-spanac-120g-14898,https://images.openfoodfacts.org/images/products/594/133/400/2221/front_ro.8.400.jpg
mandy-pate-vegetal-ardei-gras-120g-11424,https://images.openfoodfacts.org/images/products/594/133/400/3501/front_en.3.400.jpg
bucegi-pate-vegetal-clasic-200g-11432,https://images.openfoodfacts.org/images/products/594/134/100/2993/front_fr.9.400.jpg
bucegi-pate-pui-300g-11433,https://images.openfoodfacts.org/images/products/594/134/100/3976/front_fr.3.400.jpg
ardealul-pate-vegetal-masline-100g-16885,https://images.openfoodfacts.org/images/products/594/148/600/6542/front_fr.3.400.jpg
ardealul-pate-porc-reteta-lui-ion-100g-14355,https://images.openfoodfacts.org/images/products/594/129/400/2088/front_ro.4.400.jpg
antrefrig-junior-pate-porc-unt-100g-16834,https://images.openfoodfacts.org/images/products/594/148/601/5988/front_ro.5.400.jpg
raureni-castraveti-saramura-720g-10899,https://images.openfoodfacts.org/images/products/594/102/800/5002/front_en.8.400.jpg
bucegi-pate-pui-120g-11457,https://images.openfoodfacts.org/images/products/594/134/103/2525/front_fr.21.400.jpg